1,2,3,4,5,6,7,8,9,10
1.1,1.1,1.1,1.1,1.1,1.1,1.1,1.1,1.1,1.1
C. McCaffrey,C. Lamb,C. Lamb,C. Lamb,C. Lamb,T. Hill,C. McCaffrey,C. Lamb,J. Jefferson,C. Lamb
RB - SF,WR - DAL,WR - DAL,WR - DAL,WR - DAL,WR - MIA,RB - SF,WR - DAL,WR - MIN,WR - DAL
2.10,2.10,2.10,2.10,2.10,2.10,2.10,2.10,2.10,2.10
C. Olave,B. Aiyuk,D. Achane,D. Moore,C. Olave,C. Olave,S. Diggs,C. Olave,R. Rice,B. Aiyuk
WR - NO,WR - SF,RB - MIA,WR - CHI,WR - NO,WR - NO,WR - HOU,WR - NO,WR - KC,WR - SF
3.1,3.1,3.1,3.1,3.1,3.1,3.1,3.1,3.1,3.1
B. Aiyuk,C. Olave,J. Waddle,J. Allen,D. Achane,D. Adams,D. Achane,D. Adams,D. Achane,C. Olave
WR - SF,WR - NO,WR - MIA,QB - BUF,RB - MIA,WR - LV,RB - MIA,WR - LV,RB - MIA,WR - NO
4.10,4.10,4.10,4.10,4.10,4.10,4.10,4.10,4.10,4.10
D. London,T. Higgins,C. Kupp,A. Cooper,D. Smith,K. Allen,K. Allen,C. Kupp,C. Kupp,R. White
WR - ATL,WR - CIN,WR - LAR,WR - CLE,WR - PHI,WR - CHI,WR - CHI,WR - LAR,WR - LAR,RB - TB
5.1,5.1,5.1,5.1,5.1,5.1,5.1,5.1,5.1,5.1
L. Jackson,D. Smith,M. Andrews,C. Kupp,R. White,R. White,D. Smith,R. White,R. White,T. Higgins
QB - BAL,WR - PHI,TE - BAL,WR - LAR,RB - TB,RB - TB,WR - PHI,RB - TB,RB - TB,WR - CIN
6.10,6.10,6.10,6.10,6.10,6.10,6.10,6.10,6.10,6.10
C. Ridley,D. Henry,T. McLaurin,A. Kamara,K. Walker,C. Stroud,A. Richardson,D. Kincaid,C. Godwin,C. Stroud
WR - TEN,RB - BAL,WR - WAS,RB - NO,RB - SEA,QB - HOU,QB - IND,TE - BUF,WR - TB,QB - HOU
7.1,7.1,7.1,7.1,7.1,7.1,7.1,7.1,7.1,7.1
J. Addison,A. Richardson,J. Conner,C. Kirk,C. Godwin,C. Godwin,C. Ridley,J. Conner,C. Kirk,J. Jacobs
WR - MIN,QB - IND,RB - ARI,WR - JAX,WR - TB,WR - TB,WR - TEN,RB - ARI,WR - JAX,RB - GB
8.10,8.10,8.10,8.10,8.10,8.10,8.10,8.10,8.10,8.10
C. Watson,J. Smith-Njigba,D. Prescott,K. Pitts,E. Engram,K. Pitts,C. Watson,J. Love,E. Engram,D. Njoku
WR - GB,WR - SEA,QB - DAL,TE - ATL,TE - JAX,TE - ATL,WR - GB,QB - GB,TE - JAX,TE - CLE
9.1,9.1,9.1,9.1,9.1,9.1,9.1,9.1,9.1,9.1
E. Engram,D. Njoku,J. Warren,T. Spears,K. Murray,N. Harris,M. Brown,M. Brown,K. Murray,A. Ekeler
TE - JAX,TE - CLE,RB - PIT,RB - TEN,QB - ARI,RB - PIT,WR - KC,WR - KC,QB - ARI,RB - WAS
10.10,10.10,10.10,10.10,10.10,10.10,10.10,10.10,10.10,10.10
C. Brown,D. Swift,D. Goedert,D. Schultz,J. Fields,K. Shakir,J. Fields,D. Goedert,D. Goedert,B. Purdy
RB - CIN,RB - CHI,TE - PHI,TE - HOU,QB - PIT,WR - BUF,QB - PIT,TE - PHI,TE - PHI,QB - SF
11.1,11.1,11.1,11.1,11.1,11.1,11.1,11.1,11.1,11.1
B. Purdy,J. Ferguson,J. Fields,J. Love,C. Hubbard,J. Fields,J. Ferguson,J. Fields,J. Fields,D. Goedert
QB - SF,TE - DAL,QB - PIT,QB - GB,RB - CAR,QB - PIT,TE - DAL,QB - PIT,QB - PIT,TE - PHI
12.10,12.10,12.10,12.10,12.10,12.10,12.10,12.10,12.10,12.10
D. Singletary,M. Stafford,R. Johnson,J. Jeudy,J. Dotson,R. Johnson,R. Johnson,R. Johnson,D. Wicks,Z. Charbonnet
RB - NYG,QB - LAR,RB - CHI,WR - CLE,WR - WAS,RB - CHI,RB - CHI,RB - CHI,WR - GB,RB - SEA
13.1,13.1,13.1,13.1,13.1,13.1,13.1,13.1,13.1,13.1
R. Johnson,J. Ford,G. Davis,J. Ford,L. Musgrave,J. Ford,L. Musgrave,D. Wicks,C. Hubbard,J. Ford
RB - CHI,RB - CLE,WR - JAX,RB - CLE,TE - GB,RB - CLE,TE - GB,WR - GB,RB - CAR,RB - CLE
1.2,1.2,1.2,1.2,1.2,1.2,1.2,1.2,1.2,1.2
C. Lamb,J. Jefferson,A. St. Brown,J. Chase,J. Jefferson,C. Lamb,C. Lamb,T. Hill,C. Lamb,J. Jefferson
WR - DAL,WR - MIN,WR - DET,WR - CIN,WR - MIN,WR - DAL,WR - DAL,WR - MIA,WR - DAL,WR - MIN
2.9,2.9,2.9,2.9,2.9,2.9,2.9,2.9,2.9,2.9
J. Allen,D. Achane,B. Aiyuk,B. Aiyuk,B. Aiyuk,R. Rice,D. Adams,R. Rice,J. Allen,D. Adams
QB - BUF,RB - MIA,WR - SF,WR - SF,WR - SF,WR - KC,WR - LV,WR - KC,QB - BUF,WR - LV
3.2,3.2,3.2,3.2,3.2,3.2,3.2,3.2,3.2,3.2
J. Waddle,R. Rice,C. Olave,J. Waddle,T. Kelce,B. Aiyuk,C. Olave,B. Aiyuk,T. Kelce,R. Rice
WR - MIA,WR - KC,WR - NO,WR - MIA,TE - KC,WR - SF,WR - NO,WR - SF,TE - KC,WR - KC
4.9,4.9,4.9,4.9,4.9,4.9,4.9,4.9,4.9,4.9
M. Nabers,K. Allen,D. London,D. Smith,J. Hurts,T. Higgins,T. Etienne,T. Etienne,T. Etienne,K. Allen
WR -,WR - CHI,WR - ATL,WR - PHI,QB - PHI,WR - CIN,RB - JAX,RB - JAX,RB - JAX,WR - CHI
5.2,5.2,5.2,5.2,5.2,5.2,5.2,5.2,5.2,5.2
R. White,R. White,T. Etienne,K. Allen,Z. Flowers,A. Cooper,R. White,J. Hurts,Z. Flowers,C. Kupp
RB - TB,RB - TB,RB - JAX,WR - CHI,WR - BAL,WR - CLE,RB - TB,QB - PHI,WR - BAL,WR - LAR
6.9,6.9,6.9,6.9,6.9,6.9,6.9,6.9,6.9,6.9
J. Reed,J. Jacobs,J. Jacobs,J. Jacobs,J. Smith-Njigba,A. Jones,J. Reed,D. Henry,J. Jacobs,C. Ridley
WR - GB,RB - GB,RB - GB,RB - GB,WR - SEA,RB - MIN,WR - GB,RB - BAL,RB - GB,WR - TEN
7.2,7.2,7.2,7.2,7.2,7.2,7.2,7.2,7.2,7.2
C. Godwin,D. Hopkins,A. Richardson,C. Stroud,J. Jacobs,D. Hopkins,C. Godwin,C. Godwin,G. Pickens,J. Conner
WR - TB,WR - TEN,QB - IND,QB - HOU,RB - GB,WR - TEN,WR - TB,WR - TB,WR - PIT,RB - ARI
8.9,8.9,8.9,8.9,8.9,8.9,8.9,8.9,8.9,8.9
K. Pitts,N. Harris,J. Meyers,D. Njoku,T. Pollard,D. Njoku,J. Love,E. Engram,R. Doubs,G. Kittle
TE - ATL,RB - PIT,WR - LV,TE - CLE,RB - TEN,TE - CLE,QB - GB,TE - JAX,WR - GB,TE - SF
9.2,9.2,9.2,9.2,9.2,9.2,9.2,9.2,9.2,9.2
T. Pollard,C. Watson,K. Pitts,N. Harris,N. Harris,B. Robinson,T. Pollard,R. Stevenson,A. Ekeler,T. Pollard
RB - TEN,WR - GB,TE - ATL,RB - PIT,RB - PIT,RB - WAS,RB - TEN,RB - NE,RB - WAS,RB - TEN
10.9,10.9,10.9,10.9,10.9,10.9,10.9,10.9,10.9,10.9
J. Mixon,J. Love,D. Swift,K. Shakir,K. Shakir,J. Love,D. Njoku,J. Downs,C. Sutton,D. Prescott
RB - HOU,QB - GB,RB - CHI,WR - BUF,WR - BUF,QB - GB,TE - CLE,WR - IND,WR - DEN,QB - DAL
11.2,11.2,11.2,11.2,11.2,11.2,11.2,11.2,11.2,11.2
J. Fields,J. Herbert,J. Herbert,J. Ferguson,J. Herbert,J. Herbert,D. Goedert,B. Purdy,T. Hockenson,J. Herbert
QB - PIT,QB - LAC,QB - LAC,TE - DAL,QB - LAC,QB - LAC,TE - PHI,QB - SF,TE - MIN,QB - LAC
12.9,12.9,12.9,12.9,12.9,12.9,12.9,12.9,12.9,12.9
T. Lockett,T. Lockett,T. Lockett,J. Goff,T. Lockett,J. McLaughlin,C. Hubbard,K. Herbert,Z. White,R. Johnson
WR - SEA,WR - SEA,WR - SEA,QB - DET,WR - SEA,RB - DEN,RB - CAR,RB - CHI,RB - LV,RB - CHI
13.2,13.2,13.2,13.2,13.2,13.2,13.2,13.2,13.2,13.2
J. Ford,L. Musgrave,L. Musgrave,Z. Charbonnet,K. Herbert,Z. Charbonnet,J. Jeudy,J. Ford,Z. Charbonnet,L. Musgrave
RB - CLE,TE - GB,TE - GB,RB - SEA,RB - CHI,RB - SEA,WR - CLE,RB - CLE,RB - SEA,TE - GB
1.3,1.3,1.3,1.3,1.3,1.3,1.3,1.3,1.3,1.3
T. Hill,A. St. Brown,C. McCaffrey,T. Hill,T. Hill,C. McCaffrey,T. Hill,J. Chase,T. Hill,T. Hill
WR - MIA,WR - DET,RB - SF,WR - MIA,WR - MIA,RB - SF,WR - MIA,WR - CIN,WR - MIA,WR - MIA
2.8,2.8,2.8,2.8,2.8,2.8,2.8,2.8,2.8,2.8
J. Taylor,J. Allen,D. Adams,D. Achane,R. Rice,D. Achane,B. Aiyuk,D. Achane,J. Taylor,D. Achane
RB - IND,QB - BUF,WR - LV,RB - MIA,WR - KC,RB - MIA,WR - SF,RB - MIA,RB - IND,RB - MIA
3.3,3.3,3.3,3.3,3.3,3.3,3.3,3.3,3.3,3.3
R. Rice,M. Harrison,S. Diggs,M. Harrison,J. Waddle,T. Kelce,J. Waddle,J. Waddle,S. Diggs,J. Waddle
WR - KC,WR -,WR - HOU,WR -,WR - MIA,TE - KC,WR - MIA,WR - MIA,WR - HOU,WR - MIA
4.8,4.8,4.8,4.8,4.8,4.8,4.8,4.8,4.8,4.8
C. Kupp,M. Nabers,T. Higgins,M. Andrews,D. Metcalf,D. Smith,C. Kupp,M. Nabers,M. Pittman,M. Nabers
WR - LAR,WR -,WR - CIN,TE - BAL,WR - SEA,WR - PHI,WR - LAR,WR -,WR - IND,WR -
5.3,5.3,5.3,5.3,5.3,5.3,5.3,5.3,5.3,5.3
A. Cooper,I. Pacheco,Z. Flowers,T. Higgins,L. Jackson,Z. Flowers,P. Mahomes,P. Mahomes,T. Higgins,A. Cooper
WR - CLE,RB - KC,WR - BAL,WR - CIN,QB - BAL,WR - BAL,QB - KC,QB - KC,WR - CIN,WR - CLE
6.8,6.8,6.8,6.8,6.8,6.8,6.8,6.8,6.8,6.8
J. Conner,K. Walker,T. McBride,C. Ridley,D. Henry,J. Conner,D. Kincaid,K. Walker,J. Reed,J. Reed
RB - ARI,RB - SEA,TE - ARI,WR - TEN,RB - BAL,RB - ARI,TE - BUF,RB - SEA,WR - GB,WR - GB
7.3,7.3,7.3,7.3,7.3,7.3,7.3,7.3,7.3,7.3
A. Richardson,C. Godwin,T. Spears,D. Henry,C. Kirk,A. Kamara,D. Henry,C. Kirk,D. Kincaid,D. Kincaid
QB - IND,WR - TB,RB - TEN,RB - BAL,WR - JAX,RB - NO,RB - BAL,WR - JAX,TE - BUF,TE - BUF
8.8,8.8,8.8,8.8,8.8,8.8,8.8,8.8,8.8,8.8
D. Montgomery,G. Kittle,J. Burrow,D. Prescott,K. Pitts,D. Prescott,B. Robinson,T. Pollard,R. Stevenson,K. Murray
RB - DET,TE - SF,QB - CIN,QB - DAL,TE - ATL,QB - DAL,RB - WAS,RB - TEN,RB - NE,QB - ARI
9.3,9.3,9.3,9.3,9.3,9.3,9.3,9.3,9.3,9.3
M. Brown,R. Doubs,A. Ekeler,J. Williams,B. Robinson,A. Ekeler,R. Doubs,N. Harris,J. Love,J. Warren
WR - KC,WR - GB,RB - WAS,WR - DET,RB - WAS,RB - WAS,WR - GB,RB - PIT,QB - GB,RB - PIT
10.8,10.8,10.8,10.8,10.8,10.8,10.8,10.8,10.8,10.8
J. Ferguson,C. Sutton,J. Downs,J. Downs,C. Sutton,C. Brown,K. Shakir,D. Njoku,K. Shakir,C. Brown
TE - DAL,WR - DEN,WR - IND,WR - IND,WR - DEN,RB - CIN,WR - BUF,TE - CLE,WR - BUF,RB - CIN
11.3,11.3,11.3,11.3,11.3,11.3,11.3,11.3,11.3,11.3
D. Goedert,J. Fields,K. Shakir,T. Hockenson,B. Purdy,D. Goedert,B. Purdy,J. Herbert,B. Purdy,J. Fields
TE - PHI,QB - PIT,WR - BUF,TE - MIN,QB - SF,TE - PHI,QB - SF,QB - LAC,QB - SF,QB - PIT
12.8,12.8,12.8,12.8,12.8,12.8,12.8,12.8,12.8,12.8
J. Goff,Z. Charbonnet,Z. Charbonnet,C. Hubbard,J. Ford,J. Jeudy,C. Kmet,C. Hubbard,K. Herbert,Z. White
QB - DET,RB - SEA,RB - SEA,RB - CAR,RB - CLE,WR - CLE,TE - CHI,RB - CAR,RB - CHI,RB - LV
13.3,13.3,13.3,13.3,13.3,13.3,13.3,13.3,13.3,13.3
R. Shaheed,K. Herbert,M. Stafford,M. Stafford,Z. Charbonnet,D. Wicks,K. Herbert,Z. Charbonnet,L. Musgrave,J. Dotson
WR - NO,RB - CHI,QB - LAR,QB - LAR,RB - SEA,WR - GB,RB - CHI,RB - SEA,TE - GB,WR - WAS
1.4,1.4,1.4,1.4,1.4,1.4,1.4,1.4,1.4,1.4
B. Hall,C. McCaffrey,T. Hill,C. McCaffrey,B. Robinson,A. St. Brown,J. Jefferson,C. McCaffrey,C. McCaffrey,A. St. Brown
RB - NYJ,RB - SF,WR - MIA,RB - SF,RB - ATL,WR - DET,WR - MIN,RB - SF,RB - SF,WR - DET
2.7,2.7,2.7,2.7,2.7,2.7,2.7,2.7,2.7,2.7
D. Achane,K. Williams,K. Williams,D. Adams,D. Adams,J. Allen,K. Williams,J. Allen,P. Nacua,J. Allen
RB - MIA,RB - LAR,RB - LAR,WR - LV,WR - LV,QB - BUF,RB - LAR,QB - BUF,WR - LAR,QB - BUF
3.4,3.4,3.4,3.4,3.4,3.4,3.4,3.4,3.4,3.4
S. Diggs,M. Pittman,M. Harrison,S. Diggs,S. Diggs,J. Waddle,M. Harrison,T. Kelce,M. Harrison,T. Dell
WR - HOU,WR - IND,WR -,WR - HOU,WR - HOU,WR - MIA,WR -,TE - KC,WR -,WR - HOU
4.7,4.7,4.7,4.7,4.7,4.7,4.7,4.7,4.7,4.7
D. Smith,D. London,S. LaPorta,M. Nabers,K. Allen,T. Etienne,M. Nabers,T. Higgins,M. Andrews,M. Evans
WR - PHI,WR - ATL,TE - DET,WR -,WR - CHI,RB - JAX,WR -,WR - CIN,TE - BAL,WR - TB
5.4,5.4,5.4,5.4,5.4,5.4,5.4,5.4,5.4,5.4
R. Odunze,J. Cook,R. White,R. White,A. Cooper,M. Andrews,T. Higgins,A. Cooper,P. Mahomes,Z. Flowers
WR -,RB - BUF,RB - TB,RB - TB,WR - CLE,TE - BAL,WR - CIN,WR - CLE,QB - KC,WR - BAL
6.7,6.7,6.7,6.7,6.7,6.7,6.7,6.7,6.7,6.7
J. Jacobs,C. Kirk,I. Pacheco,J. Reed,J. Addison,C. Ridley,C. Kirk,C. Ridley,J. Addison,D. Henry
RB - GB,WR - JAX,RB - KC,WR - GB,WR - MIN,WR - TEN,WR - JAX,WR - TEN,WR - MIN,RB - BAL
7.4,7.4,7.4,7.4,7.4,7.4,7.4,7.4,7.4,7.4
G. Kittle,C. Stroud,C. Stroud,C. Godwin,D. Kincaid,J. Jacobs,C. Stroud,C. Watson,D. Henry,D. Hopkins
TE - SF,QB - HOU,QB - HOU,WR - TB,TE - BUF,RB - GB,QB - HOU,WR - GB,RB - BAL,WR - TEN
8.7,8.7,8.7,8.7,8.7,8.7,8.7,8.7,8.7,8.7
J. Love,K. Pitts,M. Brown,G. Kittle,D. Prescott,T. Pollard,E. Engram,D. Montgomery,C. Watson,E. Engram
QB - GB,TE - ATL,WR - KC,TE - SF,QB - DAL,RB - TEN,TE - JAX,RB - DET,WR - GB,TE - JAX
9.4,9.4,9.4,9.4,9.4,9.4,9.4,9.4,9.4,9.4
N. Harris,B. Robinson,N. Harris,K. Murray,A. Ekeler,J. Warren,J. Warren,B. Robinson,J. Smith-Njigba,B. Robinson
RB - PIT,RB - WAS,RB - PIT,QB - ARI,RB - WAS,RB - PIT,RB - PIT,RB - WAS,WR - SEA,RB - WAS
10.7,10.7,10.7,10.7,10.7,10.7,10.7,10.7,10.7,10.7
K. Shakir,C. Brown,C. Sutton,D. Swift,J. Downs,C. Sutton,C. Sutton,K. Shakir,J. Downs,R. Mostert
WR - BUF,RB - CIN,WR - DEN,RB - CHI,WR - IND,WR - DEN,WR - DEN,WR - BUF,WR - IND,RB - MIA
11.4,11.4,11.4,11.4,11.4,11.4,11.4,11.4,11.4,11.4
J. Herbert,D. Goedert,D. Schultz,J. Herbert,C. Brown,M. Williams,T. Hockenson,C. Brown,J. Herbert,T. Tagovailoa
QB - LAC,TE - PHI,TE - HOU,QB - LAC,RB - CIN,WR - NYJ,TE - MIN,RB - CIN,QB - LAC,QB - MIA
12.7,12.7,12.7,12.7,12.7,12.7,12.7,12.7,12.7,12.7
Z. White,R. Johnson,J. Goff,R. Johnson,R. Johnson,C. Hubbard,Z. White,J. Dotson,J. Ford,D. Wicks
RB - LV,RB - CHI,QB - DET,RB - CHI,RB - CHI,RB - CAR,RB - LV,WR - WAS,RB - CLE,WR - GB
13.4,13.4,13.4,13.4,13.4,13.4,13.4,13.4,13.4,13.4
D. Wicks,D. Wicks,J. Dotson,J. Dotson,M. Stafford,L. Musgrave,K. Miller,L. Musgrave,K. Miller,D. Singletary
WR - GB,WR - GB,WR - WAS,WR - WAS,QB - LAR,TE - GB,RB - NO,TE - GB,RB - NO,RB - NYG
1.5,1.5,1.5,1.5,1.5,1.5,1.5,1.5,1.5,1.5
J. Jefferson,T. Hill,J. Jefferson,A. St. Brown,A. St. Brown,J. Jefferson,A. St. Brown,J. Jefferson,J. Chase,C. McCaffrey
WR - MIN,WR - MIA,WR - MIN,WR - DET,WR - DET,WR - MIN,WR - DET,WR - MIN,WR - CIN,RB - SF
2.6,2.6,2.6,2.6,2.6,2.6,2.6,2.6,2.6,2.6
D. Adams,D. Moore,J. Taylor,C. Olave,J. Taylor,J. Taylor,P. Nacua,J. Taylor,B. Aiyuk,D. Moore
WR - LV,WR - CHI,RB - IND,WR - NO,RB - IND,RB - IND,WR - LAR,RB - IND,WR - SF,WR - CHI
3.5,3.5,3.5,3.5,3.5,3.5,3.5,3.5,3.5,3.5
T. Kelce,S. Diggs,R. Rice,T. Dell,M. Harrison,T. Dell,T. Dell,T. Dell,J. Waddle,M. Harrison
TE - KC,WR - HOU,WR - KC,WR - HOU,WR -,WR - HOU,WR - HOU,WR - HOU,WR - MIA,WR -
4.6,4.6,4.6,4.6,4.6,4.6,4.6,4.6,4.6,4.6
K. Allen,T. Etienne,M. Nabers,J. Hurts,T. Etienne,D. Metcalf,J. Hurts,K. Allen,D. Smith,D. Smith
WR - CHI,RB - JAX,WR -,QB - PHI,RB - JAX,WR - SEA,QB - PHI,WR - CHI,WR - PHI,WR - PHI
5.5,5.5,5.5,5.5,5.5,5.5,5.5,5.5,5.5,5.5
J. Hurts,L. Jackson,J. Cook,R. Odunze,P. Mahomes,C. Kupp,A. Cooper,Z. Flowers,M. Nabers,J. Hurts
QB - PHI,QB - BAL,RB - BUF,WR -,QB - KC,WR - LAR,WR - CLE,WR - BAL,WR -,QB - PHI
6.6,6.6,6.6,6.6,6.6,6.6,6.6,6.6,6.6,6.6
I. Pacheco,J. Addison,D. Henry,A. Jones,C. Ridley,J. Addison,T. McBride,J. Jacobs,J. Conner,T. McBride
RB - KC,WR - MIN,RB - BAL,RB - MIN,WR - TEN,WR - MIN,TE - ARI,RB - GB,RB - ARI,TE - ARI
7.5,7.5,7.5,7.5,7.5,7.5,7.5,7.5,7.5,7.5
A. Kamara,A. Kamara,D. Kincaid,D. Hopkins,D. Hopkins,K. Walker,K. Walker,A. Richardson,D. Hopkins,C. Godwin
RB - NO,RB - NO,TE - BUF,WR - TEN,WR - TEN,RB - SEA,RB - SEA,QB - IND,WR - TEN,WR - TB
8.6,8.6,8.6,8.6,8.6,8.6,8.6,8.6,8.6,8.6
G. Pickens,D. Kincaid,K. Murray,T. Pollard,D. Montgomery,G. Kittle,D. Montgomery,J. Smith-Njigba,D. Prescott,N. Harris
WR - PIT,TE - BUF,QB - ARI,RB - TEN,RB - DET,TE - SF,RB - DET,WR - SEA,QB - DAL,RB - PIT
9.5,9.5,9.5,9.5,9.5,9.5,9.5,9.5,9.5,9.5
R. Doubs,A. Ekeler,B. Robinson,A. Ekeler,J. Ferguson,K. Murray,D. Johnson,J. Ferguson,B. Robinson,C. Watson
WR - GB,RB - WAS,RB - WAS,RB - WAS,TE - DAL,QB - ARI,WR - CAR,TE - DAL,RB - WAS,WR - GB
10.6,10.6,10.6,10.6,10.6,10.6,10.6,10.6,10.6,10.6
C. Sutton,K. Shakir,J. Mixon,C. Brown,J. Williams,J. Mixon,J. Mixon,J. Mixon,J. Ferguson,K. Shakir
WR - DEN,WR - BUF,RB - HOU,RB - CIN,WR - DET,RB - HOU,RB - HOU,RB - HOU,TE - DAL,WR - BUF
11.5,11.5,11.5,11.5,11.5,11.5,11.5,11.5,11.5,11.5
D. Swift,B. Purdy,M. Williams,B. Purdy,D. Schultz,B. Purdy,J. Herbert,T. Hockenson,C. Brown,T. Hockenson
RB - CHI,QB - SF,WR - NYJ,QB - SF,TE - HOU,QB - SF,QB - LAC,TE - MIN,RB - CIN,TE - MIN
12.6,12.6,12.6,12.6,12.6,12.6,12.6,12.6,12.6,12.6
Z. Charbonnet,Z. White,R. Shaheed,Z. White,R. Shaheed,R. Shaheed,Z. Charbonnet,Z. White,C. Kmet,C. Hubbard
RB - SEA,RB - LV,WR - NO,RB - LV,WR - NO,WR - NO,RB - SEA,RB - LV,TE - CHI,RB - CAR
13.5,13.5,13.5,13.5,13.5,13.5,13.5,13.5,13.5,13.5
M. Stafford,K. Miller,D. Wicks,L. Musgrave,K. Cousins,M. Mayer,J. Dotson,J. Jeudy,K. Cousins,M. Stafford
QB - LAR,RB - NO,WR - GB,TE - GB,QB - ATL,TE - LV,WR - WAS,WR - CLE,QB - ATL,QB - LAR
1.6,1.6,1.6,1.6,1.6,1.6,1.6,1.6,1.6,1.6
J. Chase,J. Chase,J. Chase,J. Jefferson,J. Chase,J. Chase,J. Chase,A. St. Brown,B. Robinson,J. Chase
WR - CIN,WR - CIN,WR - CIN,WR - MIN,WR - CIN,WR - CIN,WR - CIN,WR - DET,RB - ATL,WR - CIN
2.5,2.5,2.5,2.5,2.5,2.5,2.5,2.5,2.5,2.5
K. Williams,D. Adams,J. Allen,J. Taylor,N. Collins,K. Williams,J. Allen,D. Moore,D. Adams,J. Taylor
RB - LAR,WR - LV,QB - BUF,RB - IND,WR - HOU,RB - LAR,QB - BUF,WR - CHI,WR - LV,RB - IND
3.6,3.6,3.6,3.6,3.6,3.6,3.6,3.6,3.6,3.6
T. Dell,J. Waddle,T. Kelce,S. Barkley,J. Allen,M. Evans,R. Rice,S. Barkley,S. Barkley,S. Diggs
WR - HOU,WR - MIA,TE - KC,RB - PHI,QB - BUF,WR - TB,WR - KC,RB - PHI,RB - PHI,WR - HOU
4.5,4.5,4.5,4.5,4.5,4.5,4.5,4.5,4.5,4.5
D. Metcalf,J. Hurts,D. Smith,S. LaPorta,M. Nabers,S. LaPorta,S. LaPorta,D. London,J. Hurts,D. Metcalf
WR - SEA,QB - PHI,WR - PHI,TE - DET,WR -,TE - DET,TE - DET,WR - ATL,QB - PHI,WR - SEA
5.6,5.6,5.6,5.6,5.6,5.6,5.6,5.6,5.6,5.6
Z. Flowers,T. McBride,A. Cooper,P. Mahomes,C. Kupp,L. Jackson,Z. Flowers,L. Jackson,C. Ridley,P. Mahomes
WR - BAL,TE - ARI,WR - CLE,QB - KC,WR - LAR,QB - BAL,WR - BAL,QB - BAL,WR - TEN,QB - KC
6.5,6.5,6.5,6.5,6.5,6.5,6.5,6.5,6.5,6.5
A. Jones,J. Reed,C. Kirk,K. Walker,J. Conner,C. Kirk,J. Conner,T. McLaurin,K. Walker,K. Walker
RB - MIN,WR - GB,WR - JAX,RB - SEA,RB - ARI,WR - JAX,RB - ARI,WR - WAS,RB - SEA,RB - SEA
7.6,7.6,7.6,7.6,7.6,7.6,7.6,7.6,7.6,7.6
C. Stroud,D. Montgomery,A. Kamara,J. Smith-Njigba,M. Brown,M. Brown,J. Smith-Njigba,D. Hopkins,M. Brown,A. Kamara
QB - HOU,RB - DET,RB - NO,WR - SEA,WR - KC,WR - KC,WR - SEA,WR - TEN,WR - KC,RB - NO
8.5,8.5,8.5,8.5,8.5,8.5,8.5,8.5,8.5,8.5
J. Smith-Njigba,T. Pollard,D. Montgomery,M. Brown,C. Watson,R. Stevenson,N. Harris,G. Kittle,K. Pitts,T. Spears
WR - SEA,RB - TEN,RB - DET,WR - KC,WR - GB,RB - NE,RB - PIT,TE - SF,TE - ATL,RB - TEN
9.6,9.6,9.6,9.6,9.6,9.6,9.6,9.6,9.6,9.6
J. Meyers,J. Williams,D. Johnson,J. Mixon,J. Warren,J. Williams,A. Ekeler,A. Ekeler,N. Harris,J. Meyers
WR - LV,RB - DEN,WR - CAR,RB - HOU,RB - PIT,RB - DEN,RB - WAS,RB - WAS,RB - PIT,WR - LV
10.5,10.5,10.5,10.5,10.5,10.5,10.5,10.5,10.5,10.5
D. Njoku,J. Mixon,J. Williams,N. Chubb,D. Njoku,J. Downs,J. Downs,C. Sutton,R. Mostert,J. Ferguson
TE - CLE,RB - HOU,WR - DET,RB - CLE,TE - CLE,WR - IND,WR - IND,WR - DEN,RB - MIA,TE - DAL
11.6,11.6,11.6,11.6,11.6,11.6,11.6,11.6,11.6,11.6
L. Musgrave,T. Tagovailoa,B. Purdy,T. Lawrence,D. Goedert,T. Lawrence,D. Swift,D. Swift,T. Lockett,T. Lockett
TE - GB,QB - MIA,QB - SF,QB - JAX,TE - PHI,QB - JAX,RB - CHI,RB - CHI,WR - SEA,WR - SEA
12.5,12.5,12.5,12.5,12.5,12.5,12.5,12.5,12.5,12.5
T. Chandler,R. Shaheed,C. Hubbard,T. Lockett,Z. White,Z. White,T. Lockett,J. Goff,M. Williams,R. Shaheed
RB - MIN,WR - NO,RB - CAR,WR - SEA,RB - LV,RB - LV,WR - SEA,QB - DET,WR - NYJ,WR - NO
13.6,13.6,13.6,13.6,13.6,13.6,13.6,13.6,13.6,13.6
K. Miller,J. Dotson,K. Herbert,K. Miller,K. Miller,J. Dotson,M. Stafford,K. Miller,J. Jeudy,K. Cousins
RB - NO,WR - WAS,RB - CHI,RB - NO,RB - NO,WR - WAS,QB - LAR,RB - NO,WR - CLE,QB - ATL
1.7,1.7,1.7,1.7,1.7,1.7,1.7,1.7,1.7,1.7
A. Brown,B. Robinson,B. Robinson,B. Hall,C. McCaffrey,G. Wilson,G. Wilson,B. Hall,A. St. Brown,B. Robinson
WR - PHI,RB - ATL,RB - ATL,RB - NYJ,RB - SF,WR - NYJ,WR - NYJ,RB - NYJ,WR - DET,RB - ATL
2.4,2.4,2.4,2.4,2.4,2.4,2.4,2.4,2.4,2.4
P. Nacua,N. Collins,G. Wilson,A. Brown,K. Williams,D. Moore,D. Moore,K. Williams,D. Moore,J. Gibbs
WR - LAR,WR - HOU,WR - NYJ,WR - PHI,RB - LAR,WR - CHI,WR - CHI,RB - LAR,WR - CHI,RB - DET
3.7,3.7,3.7,3.7,3.7,3.7,3.7,3.7,3.7,3.7
M. Harrison,S. LaPorta,S. Barkley,R. Rice,S. Barkley,M. Harrison,M. Pittman,S. Diggs,C. Olave,T. Kelce
WR -,TE - DET,RB - PHI,WR - KC,RB - PHI,WR -,WR - IND,WR - HOU,WR - NO,TE - KC
4.4,4.4,4.4,4.4,4.4,4.4,4.4,4.4,4.4,4.4
T. Etienne,D. Samuel,D. Metcalf,D. Metcalf,S. LaPorta,M. Nabers,S. Barkley,M. Andrews,D. Metcalf,M. Pittman
RB - JAX,WR - SF,WR - SEA,WR - SEA,TE - DET,WR -,RB - PHI,TE - BAL,WR - SEA,WR - IND
5.7,5.7,5.7,5.7,5.7,5.7,5.7,5.7,5.7,5.7
T. McBride,C. Kupp,L. Jackson,I. Pacheco,T. Higgins,R. Odunze,L. Jackson,A. Jones,L. Jackson,L. Jackson
TE - ARI,WR - LAR,QB - BAL,RB - KC,WR - CIN,WR -,QB - BAL,RB - MIN,QB - BAL,QB - BAL
6.4,6.4,6.4,6.4,6.4,6.4,6.4,6.4,6.4,6.4
T. McLaurin,J. Conner,C. Ridley,T. McBride,A. Jones,I. Pacheco,J. Jacobs,J. Addison,T. McBride,T. McLaurin
WR - WAS,RB - ARI,WR - TEN,TE - ARI,RB - MIN,RB - KC,RB - GB,WR - MIN,TE - ARI,WR - WAS
7.7,7.7,7.7,7.7,7.7,7.7,7.7,7.7,7.7,7.7
K. Murray,G. Pickens,C. Godwin,A. Richardson,A. Richardson,A. Richardson,G. Kittle,G. Pickens,A. Kamara,G. Pickens
QB - ARI,WR - PIT,WR - TB,QB - IND,QB - IND,QB - IND,TE - SF,WR - PIT,RB - NO,WR - PIT
8.4,8.4,8.4,8.4,8.4,8.4,8.4,8.4,8.4,8.4
A. Ekeler,D. Prescott,R. Stevenson,C. Watson,G. Pickens,J. Smith-Njigba,T. Spears,D. Prescott,T. Spears,R. Stevenson
RB - WAS,QB - DAL,RB - NE,WR - GB,WR - PIT,WR - SEA,RB - TEN,QB - DAL,RB - TEN,RB - NE
9.7,9.7,9.7,9.7,9.7,9.7,9.7,9.7,9.7,9.7
J. Williams,J. Williams,E. Engram,J. Meyers,R. Doubs,E. Engram,J. Meyers,D. Johnson,J. Meyers,R. Doubs
RB - DEN,WR - DET,TE - JAX,WR - LV,WR - GB,TE - JAX,WR - LV,WR - CAR,WR - LV,WR - GB
10.4,10.4,10.4,10.4,10.4,10.4,10.4,10.4,10.4,10.4
J. Downs,R. Mostert,R. Doubs,R. Mostert,J. Mixon,R. Mostert,C. Brown,N. Chubb,D. Johnson,C. Sutton
WR - IND,RB - MIA,WR - GB,RB - MIA,RB - HOU,RB - MIA,RB - CIN,RB - CLE,WR - CAR,WR - DEN
11.7,11.7,11.7,11.7,11.7,11.7,11.7,11.7,11.7,11.7
C. Hubbard,T. Chandler,C. Brown,D. Goedert,T. Tagovailoa,T. Hockenson,D. Schultz,T. Tagovailoa,D. Schultz,J. Downs
RB - CAR,RB - MIN,RB - CIN,TE - PHI,QB - MIA,TE - MIN,TE - HOU,QB - MIA,TE - HOU,WR - IND
12.4,12.4,12.4,12.4,12.4,12.4,12.4,12.4,12.4,12.4
J. Dotson,M. Williams,J. Ford,R. Shaheed,T. Chandler,T. Chandler,T. Chandler,R. Shaheed,T. Chandler,T. Chandler
WR - WAS,WR - NYJ,RB - CLE,WR - NO,RB - MIN,RB - MIN,RB - MIN,WR - NO,RB - MIN,RB - MIN
13.7,13.7,13.7,13.7,13.7,13.7,13.7,13.7,13.7,13.7
K. Herbert,D. Singletary,J. Jeudy,K. Herbert,J. Jeudy,M. Stafford,G. Davis,D. Singletary,Z. Moss,K. Herbert
RB - CHI,RB - NYG,WR - CLE,RB - CHI,WR - CLE,QB - LAR,WR - JAX,RB - NYG,RB - CIN,RB - CHI
1.8,1.8,1.8,1.8,1.8,1.8,1.8,1.8,1.8,1.8
B. Robinson,B. Hall,A. Brown,B. Robinson,B. Hall,B. Hall,B. Hall,A. Brown,B. Hall,A. Brown
RB - ATL,RB - NYJ,WR - PHI,RB - ATL,RB - NYJ,RB - NYJ,RB - NYJ,WR - PHI,RB - NYJ,WR - PHI
2.3,2.3,2.3,2.3,2.3,2.3,2.3,2.3,2.3,2.3
J. Gibbs,J. Gibbs,N. Collins,N. Collins,D. Moore,N. Collins,J. Gibbs,N. Collins,K. Williams,K. Williams
RB - DET,RB - DET,WR - HOU,WR - HOU,WR - CHI,WR - HOU,RB - DET,WR - HOU,RB - LAR,RB - LAR
3.8,3.8,3.8,3.8,3.8,3.8,3.8,3.8,3.8,3.8
S. Barkley,M. Evans,M. Evans,T. Kelce,D. Samuel,S. Barkley,M. Evans,M. Pittman,D. London,D. London
RB - PHI,WR - TB,WR - TB,TE - KC,WR - SF,RB - PHI,WR - TB,WR - IND,WR - ATL,WR - ATL
4.3,4.3,4.3,4.3,4.3,4.3,4.3,4.3,4.3,4.3
M. Pittman,M. Andrews,K. Allen,T. Etienne,D. London,J. Hurts,M. Andrews,M. Evans,K. Allen,M. Andrews
WR - IND,TE - BAL,WR - CHI,RB - JAX,WR - ATL,QB - PHI,TE - BAL,WR - TB,WR - CHI,TE - BAL
5.8,5.8,5.8,5.8,5.8,5.8,5.8,5.8,5.8,5.8
P. Mahomes,A. Cooper,R. Odunze,L. Jackson,T. McBride,J. Reed,R. Odunze,R. Odunze,A. Cooper,I. Pacheco
QB - KC,WR - CLE,WR -,QB - BAL,TE - ARI,WR - GB,WR -,WR -,WR - CLE,RB - KC
6.3,6.3,6.3,6.3,6.3,6.3,6.3,6.3,6.3,6.3
K. Walker,A. Jones,K. Walker,J. Cook,J. Reed,D. Henry,J. Addison,D. Smith,J. Cook,A. Jones
RB - SEA,RB - MIN,RB - SEA,RB - BUF,WR - GB,RB - BAL,WR - MIN,WR - PHI,RB - BUF,RB - MIN
7.8,7.8,7.8,7.8,7.8,7.8,7.8,7.8,7.8,7.8
D. Kincaid,C. Ridley,J. Smith-Njigba,G. Pickens,C. Stroud,D. Kincaid,G. Pickens,K. Pitts,G. Kittle,J. Smith-Njigba
TE - BUF,WR - TEN,WR - SEA,WR - PIT,QB - HOU,TE - BUF,WR - PIT,TE - ATL,TE - SF,WR - SEA
8.3,8.3,8.3,8.3,8.3,8.3,8.3,8.3,8.3,8.3
D. Hopkins,J. Burrow,T. Pollard,R. Stevenson,T. Spears,C. Watson,D. Prescott,K. Murray,C. Stroud,J. Love
WR - TEN,QB - CIN,RB - TEN,RB - NE,RB - TEN,WR - GB,QB - DAL,QB - ARI,QB - HOU,QB - GB
9.8,9.8,9.8,9.8,9.8,9.8,9.8,9.8,9.8,9.8
B. Robinson,J. Warren,J. Love,J. Williams,N. Chubb,R. Doubs,J. Williams,J. Warren,T. Pollard,M. Brown
RB - WAS,RB - PIT,QB - GB,RB - DEN,RB - CLE,WR - GB,RB - DEN,RB - PIT,RB - TEN,WR - KC
10.3,10.3,10.3,10.3,10.3,10.3,10.3,10.3,10.3,10.3
N. Chubb,N. Chubb,D. Njoku,D. Johnson,R. Mostert,N. Chubb,N. Chubb,R. Mostert,J. Williams,J. Mixon
RB - CLE,RB - CLE,TE - CLE,WR - CAR,RB - MIA,RB - CLE,RB - CLE,RB - MIA,RB - DEN,RB - HOU
11.8,11.8,11.8,11.8,11.8,11.8,11.8,11.8,11.8,11.8
T. Tagovailoa,T. Hockenson,T. Hockenson,T. Tagovailoa,T. Hockenson,D. Swift,T. Lawrence,T. Lawrence,D. Swift,D. Swift
QB - MIA,TE - MIN,TE - MIN,QB - MIA,TE - MIN,RB - CHI,QB - JAX,QB - JAX,RB - CHI,RB - CHI
12.3,12.3,12.3,12.3,12.3,12.3,12.3,12.3,12.3,12.3
D. Schultz,C. Hubbard,Z. White,D. Wicks,M. Williams,T. Lockett,M. Williams,C. Kmet,J. Goff,T. Lawrence
TE - HOU,RB - CAR,RB - LV,WR - GB,WR - NYJ,WR - SEA,WR - NYJ,TE - CHI,QB - DET,QB - JAX
13.8,13.8,13.8,13.8,13.8,13.8,13.8,13.8,13.8,13.8
B. Cooks,J. Jeudy,K. Cousins,M. Wilson,D. Wicks,K. Herbert,D. Wicks,J. McLaughlin,G. Davis,G. Davis
WR - DAL,WR - CLE,QB - ATL,WR - ARI,WR - GB,RB - CHI,WR - GB,RB - DEN,WR - JAX,WR - JAX
1.9,1.9,1.9,1.9,1.9,1.9,1.9,1.9,1.9,1.9
A. St. Brown,P. Nacua,J. Gibbs,G. Wilson,A. Brown,A. Brown,B. Robinson,B. Robinson,A. Brown,N. Collins
WR - DET,WR - LAR,RB - DET,WR - NYJ,WR - PHI,WR - PHI,RB - ATL,RB - ATL,WR - PHI,WR - HOU
2.2,2.2,2.2,2.2,2.2,2.2,2.2,2.2,2.2,2.2
D. Moore,G. Wilson,P. Nacua,K. Williams,G. Wilson,J. Gibbs,J. Taylor,J. Gibbs,J. Gibbs,P. Nacua
WR - CHI,WR - NYJ,WR - LAR,RB - LAR,WR - NYJ,RB - DET,RB - IND,RB - DET,RB - DET,WR - LAR
3.9,3.9,3.9,3.9,3.9,3.9,3.9,3.9,3.9,3.9
M. Evans,D. Metcalf,T. Dell,D. London,M. Evans,M. Pittman,D. Samuel,S. LaPorta,T. Dell,D. Samuel
WR - TB,WR - SEA,WR - HOU,WR - ATL,WR - TB,WR - IND,WR - SF,TE - DET,WR - HOU,WR - SF
4.2,4.2,4.2,4.2,4.2,4.2,4.2,4.2,4.2,4.2
M. Andrews,S. Barkley,J. Hurts,M. Evans,M. Andrews,D. London,D. Metcalf,D. Metcalf,S. LaPorta,T. Etienne
TE - BAL,RB - PHI,QB - PHI,WR - TB,TE - BAL,WR - ATL,WR - SEA,WR - SEA,TE - DET,RB - JAX
5.9,5.9,5.9,5.9,5.9,5.9,5.9,5.9,5.9,5.9
T. Higgins,Z. Flowers,J. Reed,Z. Flowers,T. McLaurin,P. Mahomes,A. Jones,I. Pacheco,A. Jones,J. Addison
WR - CIN,WR - BAL,WR - GB,WR - BAL,WR - WAS,QB - KC,RB - MIN,RB - KC,RB - MIN,WR - MIN
6.2,6.2,6.2,6.2,6.2,6.2,6.2,6.2,6.2,6.2
D. Henry,R. Odunze,A. Jones,T. McLaurin,I. Pacheco,J. Cook,J. Cook,J. Reed,I. Pacheco,J. Cook
RB - BAL,WR -,RB - MIN,WR - WAS,RB - KC,RB - BUF,RB - BUF,WR - GB,RB - KC,RB - BUF
7.9,7.9,7.9,7.9,7.9,7.9,7.9,7.9,7.9,7.9
T. Spears,T. Spears,D. Hopkins,D. Kincaid,A. Kamara,D. Montgomery,D. Hopkins,C. Stroud,J. Burrow,A. Richardson
RB - TEN,RB - TEN,WR - TEN,TE - BUF,RB - NO,RB - DET,WR - TEN,QB - HOU,QB - CIN,QB - IND
8.2,8.2,8.2,8.2,8.2,8.2,8.2,8.2,8.2,8.2
D. Prescott,E. Engram,G. Kittle,D. Montgomery,J. Burrow,G. Pickens,R. Stevenson,A. Kamara,D. Montgomery,K. Pitts
QB - DAL,TE - JAX,TE - SF,RB - DET,QB - CIN,WR - PIT,RB - NE,RB - NO,RB - DET,TE - ATL
9.9,9.9,9.9,9.9,9.9,9.9,9.9,9.9,9.9,9.9
J. Warren,K. Murray,J. Williams,J. Fields,D. Johnson,J. Meyers,K. Pitts,R. Doubs,J. Warren,D. Johnson
RB - PIT,QB - ARI,RB - DEN,QB - PIT,WR - CAR,WR - LV,TE - ATL,WR - GB,RB - PIT,WR - CAR
10.2,10.2,10.2,10.2,10.2,10.2,10.2,10.2,10.2,10.2
R. Mostert,J. Downs,R. Mostert,J. Warren,J. Meyers,J. Ferguson,K. Murray,J. Williams,J. Williams,J. Williams
RB - MIA,WR - IND,RB - MIA,RB - PIT,WR - LV,TE - DAL,QB - ARI,RB - DEN,WR - DET,RB - DEN
11.9,11.9,11.9,11.9,11.9,11.9,11.9,11.9,11.9,11.9
T. Hockenson,D. Schultz,T. Tagovailoa,C. Kmet,D. Swift,T. Tagovailoa,T. Tagovailoa,M. Williams,T. Lawrence,M. Williams
TE - MIN,TE - HOU,QB - MIA,TE - CHI,RB - CHI,QB - MIA,QB - MIA,WR - NYJ,QB - JAX,WR - NYJ
12.2,12.2,12.2,12.2,12.2,12.2,12.2,12.2,12.2,12.2
M. Williams,J. Goff,T. Chandler,M. Williams,J. Goff,C. Kmet,R. Shaheed,T. Lockett,R. Shaheed,C. Kmet
WR - NYJ,QB - DET,RB - MIN,WR - NYJ,QB - DET,TE - CHI,WR - NO,WR - SEA,WR - NO,TE - CHI
13.9,13.9,13.9,13.9,13.9,13.9,13.9,13.9,13.9,13.9
G. Davis,J. McLaughlin,K. Miller,K. Cousins,D. Singletary,M. Wilson,D. Singletary,C. Williams,J. Dotson,K. Miller
WR - JAX,RB - DEN,RB - NO,QB - ATL,RB - NYG,WR - ARI,RB - NYG,QB -,WR - WAS,RB - NO
1.10,1.10,1.10,1.10,1.10,1.10,1.10,1.10,1.10,1.10
G. Wilson,A. Brown,D. Moore,P. Nacua,P. Nacua,B. Robinson,N. Collins,P. Nacua,G. Wilson,G. Wilson
WR - NYJ,WR - PHI,WR - CHI,WR - LAR,WR - LAR,RB - ATL,WR - HOU,WR - LAR,WR - NYJ,WR - NYJ
2.1,2.1,2.1,2.1,2.1,2.1,2.1,2.1,2.1,2.1
N. Collins,J. Taylor,B. Hall,J. Gibbs,J. Gibbs,P. Nacua,A. Brown,G. Wilson,N. Collins,B. Hall
WR - HOU,RB - IND,RB - NYJ,RB - DET,RB - DET,WR - LAR,WR - PHI,WR - NYJ,WR - HOU,RB - NYJ
3.10,3.10,3.10,3.10,3.10,3.10,3.10,3.10,3.10,3.10
S. LaPorta,T. Kelce,D. Samuel,D. Samuel,M. Pittman,S. Diggs,D. London,M. Harrison,D. Samuel,S. Barkley
TE - DET,TE - KC,WR - SF,WR - SF,WR - IND,WR - HOU,WR - ATL,WR -,WR - SF,RB - PHI
4.1,4.1,4.1,4.1,4.1,4.1,4.1,4.1,4.1,4.1
D. Samuel,T. Dell,M. Pittman,M. Pittman,T. Dell,D. Samuel,T. Kelce,D. Samuel,M. Evans,S. LaPorta
WR - SF,WR - HOU,WR - IND,WR - IND,WR - HOU,WR - SF,TE - KC,WR - SF,WR - TB,TE - DET
5.10,5.10,5.10,5.10,5.10,5.10,5.10,5.10,5.10,5.10
J. Cook,P. Mahomes,J. Addison,J. Conner,R. Odunze,T. McLaurin,T. McLaurin,J. Cook,R. Odunze,R. Odunze
RB - BUF,QB - KC,WR - MIN,RB - ARI,WR -,WR - WAS,WR - WAS,RB - BUF,WR -,WR -
6.1,6.1,6.1,6.1,6.1,6.1,6.1,6.1,6.1,6.1
C. Kirk,T. McLaurin,P. Mahomes,J. Addison,J. Cook,T. McBride,I. Pacheco,T. McBride,T. McLaurin,C. Kirk
WR - JAX,WR - WAS,QB - KC,WR - MIN,RB - BUF,TE - ARI,RB - KC,TE - ARI,WR - WAS,WR - JAX
7.10,7.10,7.10,7.10,7.10,7.10,7.10,7.10,7.10,7.10
J. Burrow,M. Brown,C. Watson,E. Engram,R. Stevenson,T. Spears,A. Kamara,T. Spears,A. Richardson,D. Montgomery
QB - CIN,WR - KC,WR - GB,TE - JAX,RB - NE,RB - TEN,RB - NO,RB - TEN,QB - IND,RB - DET
8.1,8.1,8.1,8.1,8.1,8.1,8.1,8.1,8.1,8.1
R. Stevenson,R. Stevenson,G. Pickens,J. Burrow,G. Kittle,J. Burrow,J. Burrow,J. Burrow,D. Njoku,J. Burrow
RB - NE,RB - NE,WR - PIT,QB - CIN,TE - SF,QB - CIN,QB - CIN,QB - CIN,TE - CLE,QB - CIN
9.10,9.10,9.10,9.10,9.10,9.10,9.10,9.10,9.10,9.10
D. Johnson,J. Meyers,J. Ferguson,R. Doubs,J. Love,D. Johnson,J. Williams,J. Meyers,N. Chubb,J. Williams
WR - CAR,WR - LV,TE - DAL,WR - GB,QB - GB,WR - CAR,WR - DET,WR - LV,RB - CLE,WR - DET
10.1,10.1,10.1,10.1,10.1,10.1,10.1,10.1,10.1,10.1
J. Williams,D. Johnson,N. Chubb,B. Robinson,J. Williams,J. Williams,R. Mostert,J. Williams,J. Mixon,N. Chubb
WR - DET,WR - CAR,RB - CLE,RB - WAS,RB - DEN,WR - DET,RB - MIA,WR - DET,RB - HOU,RB - CLE
11.10,11.10,11.10,11.10,11.10,11.10,11.10,11.10,11.10,11.10
T. Lawrence,C. Kmet,T. Lawrence,C. Sutton,T. Lawrence,D. Schultz,J. Ford,D. Schultz,R. Johnson,D. Schultz
QB - JAX,TE - CHI,QB - JAX,WR - DEN,QB - JAX,TE - HOU,RB - CLE,TE - HOU,RB - CHI,TE - HOU
12.1,12.1,12.1,12.1,12.1,12.1,12.1,12.1,12.1,12.1
C. Kmet,T. Lawrence,C. Kmet,T. Chandler,C. Kmet,J. Goff,J. Goff,T. Chandler,T. Tagovailoa,J. Goff
TE - CHI,QB - JAX,TE - CHI,RB - MIN,TE - CHI,QB - DET,QB - DET,RB - MIN,QB - MIA,QB - DET
13.10,13.10,13.10,13.10,13.10,13.10,13.10,13.10,13.10,13.10
J. McLaughlin,T. Allgeier,J. McLaughlin,D. Singletary,G. Davis,K. Miller,B. Cooks,A. Rodgers,M. Mayer,J. Jeudy
RB - DEN,RB - ATL,RB - DEN,RB - NYG,WR - JAX,RB - NO,WR - DAL,QB - NYJ,TE - LV,WR - CLE